segment,y,group,repeat_0,repeat_1,repeat_2,repeat_3,repeat_4
V1.102,3,0,8,7,8,9,8
V1.103,2,1,2,9,2,7,3
V1.113,3,3,9,0,6,8,8
V1.115,2,5,9,7,8,9,2
V1.122,3,6,8,3,4,5,0
V1.123,2,7,0,0,0,0,0
V1.132,3,8,7,9,5,1,9
V1.133,2,7,0,0,0,0,0
V1.142,3,9,3,1,7,5,7
V1.143,2,10,3,3,4,4,3
V1.152,3,11,2,4,3,2,2
V1.153,2,12,7,2,2,9,8
V1.162,3,9,3,1,7,5,7
V1.163,2,7,0,0,0,0,0
V1.172,3,13,3,3,1,1,5
V1.173,2,14,6,6,5,6,5
V1.183,2,16,9,2,3,5,2
V1.193,2,18,9,9,4,4,5
V1.202,3,11,2,4,3,2,2
V1.203,2,19,4,8,7,8,7
V1.212,3,20,5,9,4,4,6
V1.213,3,21,0,8,9,7,5
V1.214,2,22,5,5,6,5,6
V1.215,2,22,5,5,6,5,6
V1.222,3,23,1,8,0,7,9
V1.223,2,14,6,6,5,6,5
V1.232,3,24,4,1,1,5,3
V1.233,2,25,1,1,1,1,1
V1.252,3,27,7,5,7,0,1
V1.253,2,28,4,8,4,9,9
V1.263,2,29,8,4,9,3,9
V1.272,3,30,2,4,4,3,1
V1.273,2,31,3,5,5,6,5
V1.282,3,32,4,2,2,3,4
V1.292,3,32,4,2,2,3,4
V1.293,2,33,8,9,8,7,4
V1.303,2,34,7,3,3,7,8
V1.313,3,8,7,9,5,1,9
V1.322,3,37,8,4,8,1,2
V1.323,2,5,9,7,8,9,2
V1.332,3,38,6,3,1,8,0
V1.333,2,7,0,0,0,0,0
V1.343,2,7,0,0,0,0,0
V1.352,3,39,7,1,9,6,8
V1.353,2,40,0,0,0,0,0
V1.362,3,11,2,4,3,2,2
V1.363,2,25,1,1,1,1,1
V1.372,3,32,4,2,2,3,4
V1.373,2,41,2,2,9,6,3
V1.382,3,42,5,6,8,5,7
V1.383,2,43,2,7,3,2,7
V1.392,3,20,5,9,4,4,6
V1.393,2,44,6,6,2,3,9
V1.402,3,0,8,7,8,9,8
V1.403,2,45,5,4,7,6,9
V1.412,3,46,9,3,3,8,0
V1.413,3,24,4,1,1,5,3
V1.414,2,34,7,3,3,7,8
V1.415,2,44,6,6,2,3,9
V1.422,3,42,5,6,8,5,7
V1.423,2,14,6,6,5,6,5
V1.432,3,47,7,2,8,0,9
V1.433,2,5,9,7,8,9,2
V1.442,3,21,0,8,9,7,5
V1.443,2,48,5,4,6,2,4
V1.452,3,23,1,8,0,7,9
V1.453,2,49,4,8,7,1,7
V1.462,3,50,2,7,4,4,0
V1.463,2,12,7,2,2,9,8
V1.482,3,53,3,7,0,7,2
V1.483,2,18,9,9,4,4,5
V1.492,3,54,9,6,9,6,3
V1.502,3,3,9,0,6,8,8
V1.503,2,22,5,5,6,5,6
V1.512,3,56,1,6,0,8,8
V1.514,2,10,3,3,4,4,3
V1.523,2,43,2,7,3,2,7
V1.532,3,11,2,4,3,2,2
V1.533,2,14,6,6,5,6,5
V1.542,3,40,0,0,0,0,0
V1.543,2,58,2,8,6,8,9
V1.552,3,54,9,6,9,6,3
V1.553,2,59,4,7,8,2,8
V1.562,3,60,0,7,6,6,6
V1.563,2,43,2,7,3,2,7
V1.573,2,7,0,0,0,0,0
V1.582,3,62,6,0,0,6,6
V1.592,3,3,9,0,6,8,8
V1.593,2,19,4,8,7,8,7
V1.602,3,63,5,9,6,3,3
V1.603,2,64,3,9,3,2,4
V1.612,3,65,0,3,9,3,4
V1.613,3,66,0,8,3,1,1
V1.614,2,12,7,2,2,9,8
V1.622,3,67,5,5,5,9,4
V1.632,3,21,0,8,9,7,5
V1.633,2,69,8,6,1,7,5
V1.642,3,11,2,4,3,2,2
V1.643,2,25,1,1,1,1,1
V1.652,3,38,6,3,1,8,0
V1.662,3,71,6,2,5,2,7
V1.672,3,9,3,1,7,5,7
V1.673,2,7,0,0,0,0,0
V1.682,3,72,3,5,5,0,5
V1.683,2,7,0,0,0,0,0
V1.692,3,73,9,8,7,0,5
V1.693,2,74,6,5,7,4,2
V1.702,3,75,6,6,2,9,7
V1.712,3,32,4,2,2,3,4
V1.714,2,78,7,8,5,3,8
V1.715,2,79,3,4,5,5,1
V1.723,2,19,4,8,7,8,7
V1.732,3,27,7,5,7,0,1
V1.733,2,25,1,1,1,1,1
V1.742,3,20,5,9,4,4,6
V1.743,2,10,3,3,4,4,3
V1.753,2,33,8,9,8,7,4
V1.763,2,25,1,1,1,1,1
V1.772,3,75,6,6,2,9,7
V1.773,2,48,5,4,6,2,4
V1.783,2,29,8,4,9,3,9
V1.792,3,81,1,1,6,2,1
V1.793,2,25,1,1,1,1,1
V1.802,3,23,1,8,0,7,9
V1.803,2,10,3,3,4,4,3
V1.814,2,33,8,9,8,7,4
V1.815,2,22,5,5,6,5,6
V1.822,3,62,6,0,0,6,6
V1.823,2,10,3,3,4,4,3
V1.832,3,67,5,5,5,9,4
V1.833,2,41,2,2,9,6,3
V1.842,3,83,1,0,2,4,1
V1.843,2,84,1,1,9,2,6
V1.852,3,85,8,5,4,7,3
V1.853,2,86,5,2,2,5,2
V1.872,3,72,3,5,5,0,5
V1.882,3,38,6,3,1,8,0
V1.892,3,0,8,7,8,9,8
V1.893,2,87,6,4,9,9,4
V1.902,3,88,1,9,3,4,3
V1.903,2,89,7,9,6,8,2
V1.912,3,8,7,9,5,1,9
V1.913,3,54,9,6,9,6,3
V1.914,2,78,7,8,5,3,8
V1.915,2,16,9,2,3,5,2
V1.922,3,27,7,5,7,0,1
V1.923,2,90,4,5,7,8,6
V1.932,3,91,8,0,1,4,6
V1.942,3,37,8,4,8,1,2
V1.943,2,29,8,4,9,3,9
V1.952,3,81,1,1,6,2,1
V1.962,3,60,0,7,6,6,6
V1.963,2,25,1,1,1,1,1
V1.972,3,50,2,7,4,4,0
V1.973,2,92,2,3,2,3,4
V1.982,3,93,4,2,7,9,9
V1.983,2,7,0,0,0,0,0
V1.992,3,32,4,2,2,3,4
V12,3,13,3,3,1,1,5
V13,2,90,4,5,7,8,6
