segment,group
V1.102,0
V1.103,1
V1.112,2
V1.113,3
V1.114,4
V1.115,5
V1.122,6
V1.123,7
V1.132,8
V1.133,7
V1.142,9
V1.143,10
V1.152,11
V1.153,12
V1.162,9
V1.163,7
V1.172,13
V1.173,14
V1.182,15
V1.183,16
V1.192,17
V1.193,18
V1.202,11
V1.203,19
V1.212,20
V1.213,21
V1.214,22
V1.215,22
V1.222,23
V1.223,14
V1.232,24
V1.233,25
V1.242,15
V1.243,26
V1.252,27
V1.253,28
V1.262,15
V1.263,29
V1.272,30
V1.273,31
V1.282,32
V1.283,4
V1.292,32
V1.293,33
V1.302,15
V1.303,34
V1.312,15
V1.313,8
V1.314,35
V1.315,36
V1.322,37
V1.323,5
V1.332,38
V1.333,7
V1.342,15
V1.343,7
V1.352,39
V1.353,40
V1.362,11
V1.363,25
V1.372,32
V1.373,41
V1.382,42
V1.383,43
V1.392,20
V1.393,44
V1.402,0
V1.403,45
V1.412,46
V1.413,24
V1.414,34
V1.415,44
V1.422,42
V1.423,14
V1.432,47
V1.433,5
V1.442,21
V1.443,48
V1.452,23
V1.453,49
V1.462,50
V1.463,12
V1.472,51
V1.473,52
V1.482,53
V1.483,18
V1.492,54
V1.493,55
V1.502,3
V1.503,22
V1.512,56
V1.513,51
V1.514,10
V1.515,57
V1.522,2
V1.523,43
V1.532,11
V1.533,14
V1.542,40
V1.543,58
V1.552,54
V1.553,59
V1.562,60
V1.563,43
V1.572,61
V1.573,7
V1.582,62
V1.583,35
V1.592,3
V1.593,19
V1.602,63
V1.603,64
V1.612,65
V1.613,66
V1.614,12
V1.615,55
V1.622,67
V1.623,68
V1.632,21
V1.633,69
V1.642,11
V1.643,25
V1.652,38
V1.653,70
V1.662,71
V1.663,35
V1.672,9
V1.673,7
V1.682,72
V1.683,7
V1.692,73
V1.693,74
V1.702,75
V1.703,76
V1.712,32
V1.713,77
V1.714,78
V1.715,79
V1.722,15
V1.723,19
V1.732,27
V1.733,25
V1.742,20
V1.743,10
V1.752,15
V1.753,33
V1.762,51
V1.763,25
V1.772,75
V1.773,48
V1.782,80
V1.783,29
V1.792,81
V1.793,25
V1.802,23
V1.803,10
V1.812,82
V1.813,17
V1.814,33
V1.815,22
V1.822,62
V1.823,10
V1.832,67
V1.833,41
V1.842,83
V1.843,84
V1.852,85
V1.853,86
V1.862,15
V1.863,70
V1.872,72
V1.873,76
V1.882,38
V1.883,26
V1.892,0
V1.893,87
V1.902,88
V1.903,89
V1.912,8
V1.913,54
V1.914,78
V1.915,16
V1.922,27
V1.923,90
V1.932,91
V1.933,70
V1.942,37
V1.943,29
V1.952,81
V1.953,26
V1.962,60
V1.963,25
V1.972,50
V1.973,92
V1.982,93
V1.983,7
V1.992,32
V1.993,35
V12,13
V13,90
